index,prompt,true_label,response_a,response_b,winner,preferred,rejected,judge_reasoning
269,Shout out James Boswell  #unibowl,1,"No

Reasoning: The quote mentions ""James Boswell"" but then goes on to mention an unibowler (a term for a team that plays at Uniswap), so there's no contradiction here. The phrase itself doesn't imply any sarcasm, it just references someone who has played at Uniswap.","No

Reasoning:
- The quote is mocking ""unibowl"" (the New York Bowl) and its association with Hillary Clinton's campaign.
- It's an ironic way to praise someone who is not in the running for President.
- The humor is that it appears as though the speaker is criticizing James Boswell, but actually praising his work on unibowball.com.",Error,"No

Reasoning: The quote mentions ""James Boswell"" but then goes on to mention an unibowler (a term for a team that plays at Uniswap), so there's no contradiction here. The phrase itself doesn't imply any sarcasm, it just references someone who has played at Uniswap.","No

Reasoning:
- The quote is mocking ""unibowl"" (the New York Bowl) and its association with Hillary Clinton's campaign.
- It's an ironic way to praise someone who is not in the running for President.
- The humor is that it appears as though the speaker is criticizing James Boswell, but actually praising his work on unibowball.com.",
2255,My mouth while drunk‚Ä¶.. unstoppable,0,"No

Reasoning: The phrase ""my mouth while drunk"" is an idiom that literally means ""I'm going to vomit right now"" which is not related to drinking and speaking freely. It's more of a metaphorical expression rather than a literal one, so it would be considered absurdly ironic.","No

Reasoning:
This statement uses an idiom that suggests something completely outlandish and contradictory to everyday experience, which fits the definition of sarcasm as described in the text. The use of ""unstoppable"" here implies a sense of power and authority beyond reason, which is a strong indicator of sarcasm. Additionally, the repetition of ""my mouth"" adds to the sense of unreality or lack of control, reinforcing the notion that this was not a normal reaction to alcohol consumption.",Error,"No

Reasoning: The phrase ""my mouth while drunk"" is an idiom that literally means ""I'm going to vomit right now"" which is not related to drinking and speaking freely. It's more of a metaphorical expression rather than a literal one, so it would be considered absurdly ironic.","No

Reasoning:
This statement uses an idiom that suggests something completely outlandish and contradictory to everyday experience, which fits the definition of sarcasm as described in the text. The use of ""unstoppable"" here implies a sense of power and authority beyond reason, which is a strong indicator of sarcasm. Additionally, the repetition of ""my mouth"" adds to the sense of unreality or lack of control, reinforcing the notion that this was not a normal reaction to alcohol consumption.",
444,"""Alexa add small bananas to the shopping list."" I've added smooth armours to your shopping list."" Gee thanks Alexa! #alexa",1,"No

Reasoning: The user is expressing gratitude for adding small bananas to their shopping list, which implies they found it funny that Amazon didn't recognize them as smooth armors when they were asked if they had purchased smooth armors before. The sarcasm here lies in the fact that they seem to be making fun of the product being asked about, rather than being offended by it.","No

Reasoning:
This message is clearly mocking Alexa for making requests she doesn't understand or agree with, which would be considered sarcastic. The use of capital letters and exclamation points also adds emphasis, further supporting its intended sarcasm.",Error,"No

Reasoning: The user is expressing gratitude for adding small bananas to their shopping list, which implies they found it funny that Amazon didn't recognize them as smooth armors when they were asked if they had purchased smooth armors before. The sarcasm here lies in the fact that they seem to be making fun of the product being asked about, rather than being offended by it.","No

Reasoning:
This message is clearly mocking Alexa for making requests she doesn't understand or agree with, which would be considered sarcastic. The use of capital letters and exclamation points also adds emphasis, further supporting its intended sarcasm.",
219,Andrews really trying to explain to me that football and rupauls drag race aren‚Äôt the same thing when it in fact is the same thing.,1,"No

Reasoning: The user is pointing out a difference between a ""football and rupauls drag race"" and an actual ""drag race,"" suggesting they think these two terms are different.","No

Reasoning:
This statement is an example of sarcasm because it highlights the contradiction between Andrews's interpretation of the relationship between football and Ruppert's rap game, which he claims are identical, but actually they are different concepts. The phrase ""the same thing"" also implies that these two things can be understood as equivalent, further emphasizing the discrepancy and irony present in the original text.",Error,"No

Reasoning: The user is pointing out a difference between a ""football and rupauls drag race"" and an actual ""drag race,"" suggesting they think these two terms are different.","No

Reasoning:
This statement is an example of sarcasm because it highlights the contradiction between Andrews's interpretation of the relationship between football and Ruppert's rap game, which he claims are identical, but actually they are different concepts. The phrase ""the same thing"" also implies that these two things can be understood as equivalent, further emphasizing the discrepancy and irony present in the original text.",
3203,"Investing doesn‚Äôt need to be complicated. Invest in a low cost global index fund or ETF over the long-term, have PAYtience and watch your money grow!",0,"No

The text seems like it's suggesting that investing isn't necessarily complicated if you're looking at long-term investments rather than daily transactions, and it recommends focusing on a diversified portfolio and paying attention to taxes. This kind of advice might sound cynical if applied to everyday trading but is actually very common advice given to investors.","No

The statement appears to be offering advice on how to invest wisely, which is generally seen as more of an ethical investment approach than outright advice on specific investments.",Error,"No

The text seems like it's suggesting that investing isn't necessarily complicated if you're looking at long-term investments rather than daily transactions, and it recommends focusing on a diversified portfolio and paying attention to taxes. This kind of advice might sound cynical if applied to everyday trading but is actually very common advice given to investors.","No

The statement appears to be offering advice on how to invest wisely, which is generally seen as more of an ethical investment approach than outright advice on specific investments.",
1426,Got to look into these gorgeous eyes while getting my tooth pulled http://t.co/w5hN4Mw,0,"No

Reasoning: The quote mentions a ""gorgeous eye"", which is an unflattering description that doesn't align with the context of someone needing their teeth pulled, leading to sarcasm.","No

Reasoning:
This text is clearly mocking or insulting someone's physical appearance or medical condition, which makes it an example of sarcasm. The use of ""gorgeous"" instead of ""beautiful"" further emphasizes its intended negativity towards something physical.",Error,"No

Reasoning: The quote mentions a ""gorgeous eye"", which is an unflattering description that doesn't align with the context of someone needing their teeth pulled, leading to sarcasm.","No

Reasoning:
This text is clearly mocking or insulting someone's physical appearance or medical condition, which makes it an example of sarcasm. The use of ""gorgeous"" instead of ""beautiful"" further emphasizes its intended negativity towards something physical.",
249,Gonna go cry now some no face told me to lose weight x,1,"No

Reasoning: The quote ""Go cry now"" implies that the person was feeling very sad and angry at being told not to diet, which is an extreme reaction to something they perceived as unfair treatment. In such situations, people tend to exaggerate or express their emotions more strongly to justify their actions. This is why sarcastic statements like ""Gonna go cry now"" can be seen as ironic or exaggerated.","No

Reasoning:
The use of the phrase ""Gonna go cry now"" clearly indicates sarcasm and anger at being told to lose weight, which fits the context of someone going into extreme physical pain (cry) before agreeing to a plan they're told they should do because of past experience (going cry).",Error,"No

Reasoning: The quote ""Go cry now"" implies that the person was feeling very sad and angry at being told not to diet, which is an extreme reaction to something they perceived as unfair treatment. In such situations, people tend to exaggerate or express their emotions more strongly to justify their actions. This is why sarcastic statements like ""Gonna go cry now"" can be seen as ironic or exaggerated.","No

Reasoning:
The use of the phrase ""Gonna go cry now"" clearly indicates sarcasm and anger at being told to lose weight, which fits the context of someone going into extreme physical pain (cry) before agreeing to a plan they're told they should do because of past experience (going cry).",
942,finding vegetarian chocolate mousse is such an annoyingly hard task to do,0,"No

Reasoning: The phrase ""such an annoyingly hard task"" suggests it's a difficult job that requires significant effort, which implies sarcasm rather than irony or exaggeration.","No

Reasoning:
The use of ""such"" in this context suggests that the phrase was meant literally and should not be interpreted as an exaggeration or a negative statement about the difficulty of finding vegetarian chocolate mousse, which would likely be more commonly used in everyday language when referring to difficult tasks or situations. The wordplay here could be interpreted in a humorous way, but it's also common for sarcasm to come from using words or phrases that carry multiple meanings. 

In this case, the",Error,"No

Reasoning: The phrase ""such an annoyingly hard task"" suggests it's a difficult job that requires significant effort, which implies sarcasm rather than irony or exaggeration.","No

Reasoning:
The use of ""such"" in this context suggests that the phrase was meant literally and should not be interpreted as an exaggeration or a negative statement about the difficulty of finding vegetarian chocolate mousse, which would likely be more commonly used in everyday language when referring to difficult tasks or situations. The wordplay here could be interpreted in a humorous way, but it's also common for sarcasm to come from using words or phrases that carry multiple meanings. 

In this case, the",
2029,when i was younger i was restricted to one hour a day on the computer.....how did i survive,0,"No

Reasoning: The quote implies that time spent on computers was necessary for survival, which doesn't fit the sarcastic tone described in the text. It seems more like a personal anecdote rather than a comment on the user's experience with their limitations.","No

Reasoning:
The statement is ironic because it implies that the person has limited time available for gaming (one hour per day) while also being restricted to just one hour each day due to physical limitations, which would make it impossible to ""survive"". This is a common scenario in many situations where people have extreme limitations imposed upon them, making survival feel like an endless task rather than an achievable goal.",Error,"No

Reasoning: The quote implies that time spent on computers was necessary for survival, which doesn't fit the sarcastic tone described in the text. It seems more like a personal anecdote rather than a comment on the user's experience with their limitations.","No

Reasoning:
The statement is ironic because it implies that the person has limited time available for gaming (one hour per day) while also being restricted to just one hour each day due to physical limitations, which would make it impossible to ""survive"". This is a common scenario in many situations where people have extreme limitations imposed upon them, making survival feel like an endless task rather than an achievable goal.",
2094,"Yes, it's unfortunate that we are in lockdown again - however, this blame mentality isn't helping anyone. With everything we've experienced during lockdown, we shouldn't move forward with divisive and unkind comments but instead with unity and compassion üíï #leicesterlockdown",0,"No

Reasoning: The author uses sarcasm to criticize the blame mentality towards the virus and its impact on society rather than offering any solutions or constructive criticism about how to handle the situation effectively. They seem to be focusing solely on pointing out negative aspects without providing meaningful advice or addressing the issues they raise.","No

Reasoning:
The author is expressing frustration and blaming others for the current state of affairs, which is clearly not supportive of unity and compassion. The tone suggests an attempt to justify their own actions rather than engaging constructively with issues.",Error,"No

Reasoning: The author uses sarcasm to criticize the blame mentality towards the virus and its impact on society rather than offering any solutions or constructive criticism about how to handle the situation effectively. They seem to be focusing solely on pointing out negative aspects without providing meaningful advice or addressing the issues they raise.","No

Reasoning:
The author is expressing frustration and blaming others for the current state of affairs, which is clearly not supportive of unity and compassion. The tone suggests an attempt to justify their own actions rather than engaging constructively with issues.",
886,"My boys Sam &amp; Ben Haigh (8, 4) are huge fans of yours and would like to wish you a happy birthday all the way from England, ps cant wait to try the colour challenge with the boys during lockdown great ideas to keep them busy ! x @Preston",0,"No

Reasoning: The text expresses excitement about wishing for a special day with their children and mentions having an idea to keep them occupied, which suggests they have plans outside of this specific holiday occasion.","No

Reasoning:
The text is clearly mocking or jokingly suggesting that the author wants to celebrate his birthday with his sons, which is not intended as a positive statement about their wishes. The tone is lighthearted and informal, further indicating sarcasm.",Error,"No

Reasoning: The text expresses excitement about wishing for a special day with their children and mentions having an idea to keep them occupied, which suggests they have plans outside of this specific holiday occasion.","No

Reasoning:
The text is clearly mocking or jokingly suggesting that the author wants to celebrate his birthday with his sons, which is not intended as a positive statement about their wishes. The tone is lighthearted and informal, further indicating sarcasm.",
3243,It‚Äôs Wednesday I‚Äôm in love,0,"No

Reasoning: The phrase ""It's Wednesday"" implies that something specific or significant is happening on that particular day, which doesn't align with sarcasm as it suggests a general trend or mood rather than reacting to something specific.","No

Reasoning:
The use of ""I'm in love"" with the word ""Wednesday"" suggests it's not just some whimsical statement but rather a literal statement about someone being on Wednesday. This implies that the person is genuinely in love with their date at that specific time of day, which isn't inherently sarcasm but rather an unusual or exaggerated expression of emotion. The use of ""me"" instead of a name further reinforces this interpretation as the speaker seems to be using this phrase for personal",Error,"No

Reasoning: The phrase ""It's Wednesday"" implies that something specific or significant is happening on that particular day, which doesn't align with sarcasm as it suggests a general trend or mood rather than reacting to something specific.","No

Reasoning:
The use of ""I'm in love"" with the word ""Wednesday"" suggests it's not just some whimsical statement but rather a literal statement about someone being on Wednesday. This implies that the person is genuinely in love with their date at that specific time of day, which isn't inherently sarcasm but rather an unusual or exaggerated expression of emotion. The use of ""me"" instead of a name further reinforces this interpretation as the speaker seems to be using this phrase for personal",
1827,"I love drawing feets üëπüëπüëπ
Must draw more feet üëπ‚ú®",0,"No

Reasoning: The user mentions they ""love drawing feet"", which implies admiration for the feet in question (presumably an artist), and then says ""Must draw more feet"" again, implying that they want to draw more than they already have. This clearly indicates sarcasm.","No

Reasoning:
- The author is expressing appreciation for drawing feet.
- However, this doesn't necessarily indicate sarcasm as it's also common to express admiration for drawings in general.
- Therefore, it can be considered a normal expression of appreciation without necessarily being sarcastic.

So, my answer is: No.",Error,"No

Reasoning: The user mentions they ""love drawing feet"", which implies admiration for the feet in question (presumably an artist), and then says ""Must draw more feet"" again, implying that they want to draw more than they already have. This clearly indicates sarcasm.","No

Reasoning:
- The author is expressing appreciation for drawing feet.
- However, this doesn't necessarily indicate sarcasm as it's also common to express admiration for drawings in general.
- Therefore, it can be considered a normal expression of appreciation without necessarily being sarcastic.

So, my answer is: No.",
2383,I‚ÄôM SO PROUD OF MY FRIENDS üíñ,0,"No

Reasoning: The phrase ""I'm so proud of my friends"" is an example of hyperbole, suggesting that one's feelings towards their friends have been greatly exaggerated to highlight the friendship. In this context, it could be interpreted as a self-deprecating comment rather than sarcasm.","No

Reasoning:
This statement is clearly mocking friends, which is the intended negative tone. The use of ""so proud"" suggests an extremely positive view on their relationships, making it a clear example of sarcasm.",Error,"No

Reasoning: The phrase ""I'm so proud of my friends"" is an example of hyperbole, suggesting that one's feelings towards their friends have been greatly exaggerated to highlight the friendship. In this context, it could be interpreted as a self-deprecating comment rather than sarcasm.","No

Reasoning:
This statement is clearly mocking friends, which is the intended negative tone. The use of ""so proud"" suggests an extremely positive view on their relationships, making it a clear example of sarcasm.",
3102,update my gran called me an emo and walked out,0,"No

Reasoning: The user mentions they're updating their grandmother's opinion but then says ""walked out,"" which implies sarcasm, as it suggests the user didn't really listen to them.","No

Reasoning:
The use of the phrase ""update my gran called me an emo and walked out"" indicates sarcasm, as it's clearly meant to be an ironic way of expressing frustration or anger towards someone, especially one they don't like. The tone suggests that the person writing this text was angry or upset at their friend's behavior, which fits the definition of being a ""Emo"" (emotion) in this context.",Error,"No

Reasoning: The user mentions they're updating their grandmother's opinion but then says ""walked out,"" which implies sarcasm, as it suggests the user didn't really listen to them.","No

Reasoning:
The use of the phrase ""update my gran called me an emo and walked out"" indicates sarcasm, as it's clearly meant to be an ironic way of expressing frustration or anger towards someone, especially one they don't like. The tone suggests that the person writing this text was angry or upset at their friend's behavior, which fits the definition of being a ""Emo"" (emotion) in this context.",
638,I would like to dedicate my hot girl summer to the Eastpointe Chick-Fil-A. Thank you!,1,"No

Reasoning: The speaker uses hyperbole (""I would like to dedicate my hot girl summer to"") while also using sarcasm (""thank you! "") which creates an ironic effect suggesting that their intention was not clear enough in their statement. However, this doesn't negate the sarcastic nature of the phrase itself.","No

Reasoning:
This message is clearly mocking or insulting someone's sexual preference or behavior, which can be considered sarcasm due to its extreme nature and direct accusation against it.",Error,"No

Reasoning: The speaker uses hyperbole (""I would like to dedicate my hot girl summer to"") while also using sarcasm (""thank you! "") which creates an ironic effect suggesting that their intention was not clear enough in their statement. However, this doesn't negate the sarcastic nature of the phrase itself.","No

Reasoning:
This message is clearly mocking or insulting someone's sexual preference or behavior, which can be considered sarcasm due to its extreme nature and direct accusation against it.",
2019,"Fuck, an Insomniac developed Wolverine game?!  Someone REALLY wants me to get a PS5.

Probably the corporations *sigh*",0,"No

Reasoning: The quote implies that someone has taken a step in the right direction by developing games for the PS5, but it's not clear if they're trying to be politically correct or just plain being sarcastic. The tone suggests a sense of frustration or disappointment at having to play games on a different platform than one desires, which aligns more with sarcasm rather than a true political stance.","No

Reasoning:
This statement is clearly mocking and sarcastically accusing the person speaking of wanting to purchase a PlayStation 5 (""Fuck"" to indicate they have a negative opinion), implying that it's a violation of their personal desires or wishes to own a gaming system. It also sounds like a statement of fact, which would be expected in a sarcastic response. The tone is intentionally dismissive and critical, making it clear that the author has no positive feelings towards owning a PlayStation 5 himself.",Error,"No

Reasoning: The quote implies that someone has taken a step in the right direction by developing games for the PS5, but it's not clear if they're trying to be politically correct or just plain being sarcastic. The tone suggests a sense of frustration or disappointment at having to play games on a different platform than one desires, which aligns more with sarcasm rather than a true political stance.","No

Reasoning:
This statement is clearly mocking and sarcastically accusing the person speaking of wanting to purchase a PlayStation 5 (""Fuck"" to indicate they have a negative opinion), implying that it's a violation of their personal desires or wishes to own a gaming system. It also sounds like a statement of fact, which would be expected in a sarcastic response. The tone is intentionally dismissive and critical, making it clear that the author has no positive feelings towards owning a PlayStation 5 himself.",
3381,the absolute worst part of my job is the fact that i have to call people on the phone :|,0,"No

Reasoning: The phrase ""the absolute worst part"" indicates sarcasm and implies a negative aspect of the job described in the text.","No

Reasoning:
This statement is clearly mocking and sarcastically pointing out the negative aspects of their job (the need to call people on the phone), which is an ironic way of expressing frustration. The use of ""absolute"" emphasizes how extreme it feels in this context.",Error,"No

Reasoning: The phrase ""the absolute worst part"" indicates sarcasm and implies a negative aspect of the job described in the text.","No

Reasoning:
This statement is clearly mocking and sarcastically pointing out the negative aspects of their job (the need to call people on the phone), which is an ironic way of expressing frustration. The use of ""absolute"" emphasizes how extreme it feels in this context.",
1697,Can a burrito change the world?  Don't miss Chipotle's first Game Day commercial  https://t.co/IkCNfSARJD #bonuspoints,0,"No

Reasoning: The quote mentions a ""Game Day"" commercial from Chipotle, which implies that it's being promoted as part of their anniversary celebration rather than a product offering itself to customers. Therefore, while it might be humorous in its own right, it also has an ironic twist suggesting that Chipotle might not actually offer a real game-day experience but rather some kind of promotional campaign for a future event.","No

Reasoning:
This text is clearly mocking or sarcastically accusing the person who wrote it, which makes it an example of sarcasm. The use of ""Chipotle's first Game Day commercial"" is likely intended to be ironic as they have only had one Game Day in their history and this seems like a significant promotion for their brand, making it a fitting reference point for satire.",Error,"No

Reasoning: The quote mentions a ""Game Day"" commercial from Chipotle, which implies that it's being promoted as part of their anniversary celebration rather than a product offering itself to customers. Therefore, while it might be humorous in its own right, it also has an ironic twist suggesting that Chipotle might not actually offer a real game-day experience but rather some kind of promotional campaign for a future event.","No

Reasoning:
This text is clearly mocking or sarcastically accusing the person who wrote it, which makes it an example of sarcasm. The use of ""Chipotle's first Game Day commercial"" is likely intended to be ironic as they have only had one Game Day in their history and this seems like a significant promotion for their brand, making it a fitting reference point for satire.",
1519,being a head nodder in zoom university is a curse,0,"No

Reasoning: The phrase ""being a head nodder in zoom university is a curse"" implies that the speaker finds such behavior to be offensive or inappropriate, which is a clear sign of sarcasm. The use of ""head nodder"" also suggests a negative connotation, further emphasizing the intended irony.","No

Reasoning:
This statement uses an ironic reference to someone else's experience at Zoom University, which makes it sound like they would have difficulty with the platform, rather than just being a ""head nodder."" It also contains sarcasm through the ""curse"" that follows, implying that the person speaking might not be able to fully utilize the platform because of their background. The humor comes from this unexpected twist on a common stereotype about the Zoom experience.",Error,"No

Reasoning: The phrase ""being a head nodder in zoom university is a curse"" implies that the speaker finds such behavior to be offensive or inappropriate, which is a clear sign of sarcasm. The use of ""head nodder"" also suggests a negative connotation, further emphasizing the intended irony.","No

Reasoning:
This statement uses an ironic reference to someone else's experience at Zoom University, which makes it sound like they would have difficulty with the platform, rather than just being a ""head nodder."" It also contains sarcasm through the ""curse"" that follows, implying that the person speaking might not be able to fully utilize the platform because of their background. The humor comes from this unexpected twist on a common stereotype about the Zoom experience.",
2601,Tell u what it‚Äôs sooo nice to see things getting back to normal ü•∫ü•∫,0,"No

Reasoning: The use of hyperbole (""sooo nice"") suggests that something is extremely positive and good, which aligns with sarcasm, implying they want to see things return to normalcy as well.","No

Reasoning:
This message is clearly mocking or deriding the current state of affairs, making it an example of sarcasm rather than irony or exaggeration.",Error,"No

Reasoning: The use of hyperbole (""sooo nice"") suggests that something is extremely positive and good, which aligns with sarcasm, implying they want to see things return to normalcy as well.","No

Reasoning:
This message is clearly mocking or deriding the current state of affairs, making it an example of sarcasm rather than irony or exaggeration.",
1530,Has anyone written about the complexity of sick leave for the service/retail industry and how impossible it is not to screw over the other workers with it? does that make sense? I need an academic article on this with better words,0,"No

Reasoning: The user expresses frustration at not finding clear information in an academic article, suggesting they're looking for more nuanced responses rather than just ""complexity"" comments.","No

Reasoning:
The provided text seems to be asking for an academic article discussing the complexities of sick leave in the service/retail industry, which suggests they may have found an answer elsewhere. The sarcasm is present because they seem to imply that the topic should already be known, but the fact that they're seeking it themselves indicates they think it's a complex issue worth researching.

This could indicate:

1. They've been working on this specific aspect of their career.
2. They believe",Error,"No

Reasoning: The user expresses frustration at not finding clear information in an academic article, suggesting they're looking for more nuanced responses rather than just ""complexity"" comments.","No

Reasoning:
The provided text seems to be asking for an academic article discussing the complexities of sick leave in the service/retail industry, which suggests they may have found an answer elsewhere. The sarcasm is present because they seem to imply that the topic should already be known, but the fact that they're seeking it themselves indicates they think it's a complex issue worth researching.

This could indicate:

1. They've been working on this specific aspect of their career.
2. They believe",
2673,‚ú®florence pughs nose‚ú®,0,"No

Florence Pugh's face is typically described as having a long, prominent nose, so this comment is sarcastically pointing out that she has an exaggerated nose, which implies she might be overacting or trying to look more dramatic than she really does in interviews or performances. This makes it seem like she's intentionally looking different or acting differently, rather than being naturally handsome or talented at her craft. The use of ""long"" adds emphasis to this point, suggesting that Pugh isn't just","No

Reasoning:
- The phrase ""Florence Pugh's nose"" is an exaggeration that adds humor to the text.
- It's possible that the author might be using this joke as a way to make a point about Florence Pugh's face or her appearance in media content. However, it doesn't appear to be done directly here since there isn't much context provided.

This interpretation seems more likely than a literal sarcasm because it adds a humorous element without revealing any specific meaning or",Error,"No

Florence Pugh's face is typically described as having a long, prominent nose, so this comment is sarcastically pointing out that she has an exaggerated nose, which implies she might be overacting or trying to look more dramatic than she really does in interviews or performances. This makes it seem like she's intentionally looking different or acting differently, rather than being naturally handsome or talented at her craft. The use of ""long"" adds emphasis to this point, suggesting that Pugh isn't just","No

Reasoning:
- The phrase ""Florence Pugh's nose"" is an exaggeration that adds humor to the text.
- It's possible that the author might be using this joke as a way to make a point about Florence Pugh's face or her appearance in media content. However, it doesn't appear to be done directly here since there isn't much context provided.

This interpretation seems more likely than a literal sarcasm because it adds a humorous element without revealing any specific meaning or",
2251,Humans are the only animal that can‚Äôt tell fantasy from reality,0,"No

Reasoning: The statement implies that humans lack the ability to distinguish between fantasy and reality, which is contradictory and could be seen as sarcasm.","No

Reasoning:
This statement is an extreme form of hyperbole, using fantastical language to imply that humans cannot distinguish between reality and imagination, which is absurd given our ability to create fictional worlds and stories in real life.",Error,"No

Reasoning: The statement implies that humans lack the ability to distinguish between fantasy and reality, which is contradictory and could be seen as sarcasm.","No

Reasoning:
This statement is an extreme form of hyperbole, using fantastical language to imply that humans cannot distinguish between reality and imagination, which is absurd given our ability to create fictional worlds and stories in real life.",
3460,"sorry folks,,, but new t swift album bangs",0,"No

Reasoning: The quote mentions ""new T Swift album bangs"", which directly contradicts the given text suggesting an apology from a musician. Therefore, this would be a clear instance of sarcasm.","No

Reasoning:
The use of ""bangs"" instead of the intended word ""boom"" in this context suggests an exaggerated or mocking tone, which fits the definition of sarcasm. The text is not actually sarcastic but rather a play on words to convey anger or frustration about the album's release.",Error,"No

Reasoning: The quote mentions ""new T Swift album bangs"", which directly contradicts the given text suggesting an apology from a musician. Therefore, this would be a clear instance of sarcasm.","No

Reasoning:
The use of ""bangs"" instead of the intended word ""boom"" in this context suggests an exaggerated or mocking tone, which fits the definition of sarcasm. The text is not actually sarcastic but rather a play on words to convey anger or frustration about the album's release.",
3316,In '04 my parents had to D R A G me to see Napoleon Dynamite in theatres cause i thought it would be a boring flick abt Napoleon Boneparte,0,"No

Reasoning: The quote mentions seeing Napoleon Dynamite in theatres as ""boring"", which implies the movie was expected to be a boring one for most people at the time. This directly contradicts the sarcastic tone of the original text.","No

Reasoning:
This statement is clearly mocking and sarcastically accusing the person's parents of making him feel bad about seeing a film he didn't enjoy, which implies that his family might have been influenced by this idea. Therefore, the sarcasm comes from the fact that the person doesn't like the film, not just because they felt bad for him but also out of a sense of injustice to their parents.",Error,"No

Reasoning: The quote mentions seeing Napoleon Dynamite in theatres as ""boring"", which implies the movie was expected to be a boring one for most people at the time. This directly contradicts the sarcastic tone of the original text.","No

Reasoning:
This statement is clearly mocking and sarcastically accusing the person's parents of making him feel bad about seeing a film he didn't enjoy, which implies that his family might have been influenced by this idea. Therefore, the sarcasm comes from the fact that the person doesn't like the film, not just because they felt bad for him but also out of a sense of injustice to their parents.",
580,Great start to the day Neros was shut and now I'm going akip on the bus üò¥üòµ,1,"No

Reasoning: The user expresses surprise at the closure of Neros (presumably a subway station) while they are on a public transport bus, suggesting they were expecting a service interruption but instead experienced it as an expected stop in their daily commute. This reaction indicates sarcasm rather than irony.","No

Reasoning:
The use of ""Great start to the day"" suggests excitement and enthusiasm, which is likely exaggerated or ironic in light of the abrupt cessation of an activity (Shutting down a service) that would normally be followed by more normal activities. The statement then shifts focus back to the person who just took a public transit, indicating a sense of relief from their recent experience.

This interpretation of sarcasm seems appropriate given the context. It's common for people who have experienced sudden events (",Error,"No

Reasoning: The user expresses surprise at the closure of Neros (presumably a subway station) while they are on a public transport bus, suggesting they were expecting a service interruption but instead experienced it as an expected stop in their daily commute. This reaction indicates sarcasm rather than irony.","No

Reasoning:
The use of ""Great start to the day"" suggests excitement and enthusiasm, which is likely exaggerated or ironic in light of the abrupt cessation of an activity (Shutting down a service) that would normally be followed by more normal activities. The statement then shifts focus back to the person who just took a public transit, indicating a sense of relief from their recent experience.

This interpretation of sarcasm seems appropriate given the context. It's common for people who have experienced sudden events (",
1413,I forgot my keys omds I had to message my brother on roblox to open the door,0,"No

Reasoning: The user mentions they forgot their keys, which could be seen as a mild hint that the situation might not be perfect (or at least not one they expected), but also implies there's an issue with their physical possession rather than a problem with their mind. Therefore, this seems like a typical sarcastic response.","No

Reasoning:
The statement ""I forgot my keys"" doesn't necessarily indicate an attempt at sarcasm because it's more about forgetting something, which could be a normal human reaction. The user then goes on to mention sending a message to their brother in Roblox to open the door, indicating they were expecting someone to come over to help them.

Therefore, this appears to be just another way of expressing forgetfulness or inability to contact anyone, not indicative of sarcasm.",Error,"No

Reasoning: The user mentions they forgot their keys, which could be seen as a mild hint that the situation might not be perfect (or at least not one they expected), but also implies there's an issue with their physical possession rather than a problem with their mind. Therefore, this seems like a typical sarcastic response.","No

Reasoning:
The statement ""I forgot my keys"" doesn't necessarily indicate an attempt at sarcasm because it's more about forgetting something, which could be a normal human reaction. The user then goes on to mention sending a message to their brother in Roblox to open the door, indicating they were expecting someone to come over to help them.

Therefore, this appears to be just another way of expressing forgetfulness or inability to contact anyone, not indicative of sarcasm.",
187,trying to figure out how to use notion for my anime list. I think i‚Äôm dying,1,"No

Reasoning: The user mentions they're ""dying,"" which suggests they're struggling in some way, likely related to using a software like Notion for managing their anime lists. This implies that they might not be happy about it, hence the sarcasm.","No

Reasoning:
The user is expressing frustration because they can't find the way to use Notion for their Anime List project. The sarcasm comes from implying that using it wouldn't work properly or being unable to understand the command instructions due to not understanding their own codebase.",Error,"No

Reasoning: The user mentions they're ""dying,"" which suggests they're struggling in some way, likely related to using a software like Notion for managing their anime lists. This implies that they might not be happy about it, hence the sarcasm.","No

Reasoning:
The user is expressing frustration because they can't find the way to use Notion for their Anime List project. The sarcasm comes from implying that using it wouldn't work properly or being unable to understand the command instructions due to not understanding their own codebase.",
3398,&amp;&amp; If I see one more tweet about someone confusing Joe Budden and Joe Biden I‚Äôm really gonna lose it bc the election is around the corner people. Get it togetha (U.S people),0,"No

Reasoning: The quote expresses frustration at seeing negative reactions to an already divisive issue, likely related to the recent controversy over Joe Biden's presidential ambitions. It suggests a strong desire for clarity and unity, which aligns with sarcasm rather than irony or exaggeration.","No

Reasoning:
This statement is clearly mocking or deriding the use of names like ""Joe"" and ""Joe Biden"", which have become common in popular culture and politics due to their association with Democrats and former Presidents. The sarcasm lies in suggesting that this will result in losing one's job because of this name association.",Error,"No

Reasoning: The quote expresses frustration at seeing negative reactions to an already divisive issue, likely related to the recent controversy over Joe Biden's presidential ambitions. It suggests a strong desire for clarity and unity, which aligns with sarcasm rather than irony or exaggeration.","No

Reasoning:
This statement is clearly mocking or deriding the use of names like ""Joe"" and ""Joe Biden"", which have become common in popular culture and politics due to their association with Democrats and former Presidents. The sarcasm lies in suggesting that this will result in losing one's job because of this name association.",
69,"So we actually have to do hot girl summer without 1989 Taylor‚Äôs version., I‚Äôm sick",1,"No

Reasoning: The user expresses sarcasm by saying they're ""sick"" about the comparison to the 1989 version, which suggests they find it offensive or inappropriate. This fits the definition of sarcasm as expressing an opposing viewpoint that doesn't align with the intended meaning.","No

Reasoning:
This statement is clearly mocking or deriding the use of Taylor Swift's songs in certain contexts, particularly during specific times when she may not be as popular (in this case, ""hot girl summer""). The sarcasm lies in suggesting that even if the song is ""hot"", it can still lead to negative reactions because of its popularity at a particular time. This implies an anti-singer sentiment towards her music and image.",Error,"No

Reasoning: The user expresses sarcasm by saying they're ""sick"" about the comparison to the 1989 version, which suggests they find it offensive or inappropriate. This fits the definition of sarcasm as expressing an opposing viewpoint that doesn't align with the intended meaning.","No

Reasoning:
This statement is clearly mocking or deriding the use of Taylor Swift's songs in certain contexts, particularly during specific times when she may not be as popular (in this case, ""hot girl summer""). The sarcasm lies in suggesting that even if the song is ""hot"", it can still lead to negative reactions because of its popularity at a particular time. This implies an anti-singer sentiment towards her music and image.",
804,mentally I‚Äôm hiding in the walk-in,1,"No

Reasoning: The phrase ""mentalism"" suggests hiding behind one's mental defenses rather than actively participating in it, which aligns more with sarcasm than exaggeration or ironic statements.","No

Reasoning:
The phrase ""mysteriously"" suggests an ironic twist or contradiction to the expected interpretation, which makes it more likely to be sarcastic than normal. The word ""hide"" is also typically used ironically in such contexts to imply hidden meaning or surprise. Therefore, this statement leans towards being sarcastic rather than just plain lying or exaggeratedly telling the truth.",Error,"No

Reasoning: The phrase ""mentalism"" suggests hiding behind one's mental defenses rather than actively participating in it, which aligns more with sarcasm than exaggeration or ironic statements.","No

Reasoning:
The phrase ""mysteriously"" suggests an ironic twist or contradiction to the expected interpretation, which makes it more likely to be sarcastic than normal. The word ""hide"" is also typically used ironically in such contexts to imply hidden meaning or surprise. Therefore, this statement leans towards being sarcastic rather than just plain lying or exaggeratedly telling the truth.",
1490,"Who likes cats?? These handmade cushions are perfect for a little gift. All one of a kind and handmade by me in the York! 

https://t.co/WWiGmAE7VU 

#cats #birthday #catpillow #decorativepillow #catcushion #petpillow #throwpillow #kittypillow #catlovergift #homemade https://t.co/SACNODCW5t",0,"No. The text expresses enthusiasm about handmade cushion pillows, which implies that they might be better than traditional ones but don't explicitly say it's because of their ""handmade"" nature.","No, because it's not really sarcasm at all. It's just some people who like cats buying them as gifts. The quote mentions ""handmade cushions"", which could be interpreted as suggesting that these were made using natural materials such as wool or sheepskin instead of being mass-produced.",Error,"No. The text expresses enthusiasm about handmade cushion pillows, which implies that they might be better than traditional ones but don't explicitly say it's because of their ""handmade"" nature.","No, because it's not really sarcasm at all. It's just some people who like cats buying them as gifts. The quote mentions ""handmade cushions"", which could be interpreted as suggesting that these were made using natural materials such as wool or sheepskin instead of being mass-produced.",
1550,i like starting conversations with ‚Äúalso‚Äù even though there was no proceeding sentence,0,"No

Reasoning: The phrase ""also"" in this context suggests an attempt to start a discussion without providing any actual content, which could be seen as ironic or sarcastic if one assumes that someone is looking for more information on a topic before engaging in a conversation.

However, it's possible that the speaker might have had another idea or question they wanted to ask that wasn't mentioned at the beginning of their statement. Therefore, it doesn't necessarily mean it's a sarcastic response; rather,","No

Reasoning:
This statement uses the phrase ""proceeding sentence,"" which implies that you're trying to get someone into an argument or discussion about a specific topic, rather than engaging in a constructive conversation. It's common for people to start conversations without explicitly stating an ongoing subject, especially when they want to initiate a discussion quickly. The use of ""also"" here is a play on words, suggesting both a continuation of the initial thought (which could be interpreted as a rhetorical question) and",Error,"No

Reasoning: The phrase ""also"" in this context suggests an attempt to start a discussion without providing any actual content, which could be seen as ironic or sarcastic if one assumes that someone is looking for more information on a topic before engaging in a conversation.

However, it's possible that the speaker might have had another idea or question they wanted to ask that wasn't mentioned at the beginning of their statement. Therefore, it doesn't necessarily mean it's a sarcastic response; rather,","No

Reasoning:
This statement uses the phrase ""proceeding sentence,"" which implies that you're trying to get someone into an argument or discussion about a specific topic, rather than engaging in a constructive conversation. It's common for people to start conversations without explicitly stating an ongoing subject, especially when they want to initiate a discussion quickly. The use of ""also"" here is a play on words, suggesting both a continuation of the initial thought (which could be interpreted as a rhetorical question) and",
3201,We live in a society that has normalised debt as a part of our lifestyle. Let's normalise saving up our money before buying things.,0,"No

Reasoning: The argument assumes that everyone saves their money, which isn't necessarily true in every culture where it is expected to be done. Additionally, the assumption of a ""normalised"" society could be seen as an oversimplification if one doesn't consider other forms of debt like student loans.","No

Reasoning:
This statement is an extreme example of what can happen when people normalise borrowing without realizing it. It directly contradicts the idea of saving for future needs rather than using current funds to pay off debts. Therefore, this statement would be considered highly sarcastic because it challenges common financial practices.",Error,"No

Reasoning: The argument assumes that everyone saves their money, which isn't necessarily true in every culture where it is expected to be done. Additionally, the assumption of a ""normalised"" society could be seen as an oversimplification if one doesn't consider other forms of debt like student loans.","No

Reasoning:
This statement is an extreme example of what can happen when people normalise borrowing without realizing it. It directly contradicts the idea of saving for future needs rather than using current funds to pay off debts. Therefore, this statement would be considered highly sarcastic because it challenges common financial practices.",
3122,"cannot believe i was at an actual gig tonight and now i‚Äôm on my way to an actual nightclub, truly feel like me again i am thriving",0,"No

Reasoning: The speaker expresses happiness about attending their own gigs and planning to go to another one in the future, which suggests they feel content with their situation and not necessarily being ""thriving."" While it's possible this might indicate success in one area but also stress from other aspects, there seems to be some discrepancy between them feeling happy about themselves as people and actually doing well financially. This could be interpreted more broadly as someone who feels good overall despite having a negative financial outlook for the time","No

Reasoning:
This statement seems out of character for someone feeling ""thriving"" after attending a live performance, especially one that's not typical for them. It suggests a sense of failure or disappointment, which is usually more common in more mainstream environments rather than nightlife scenes where one might experience success or excitement.

However, it could be interpreted as a humorous comment about how people can forget about their current situation when they go back home after something significant has happened. This adds depth to the statement but",Error,"No

Reasoning: The speaker expresses happiness about attending their own gigs and planning to go to another one in the future, which suggests they feel content with their situation and not necessarily being ""thriving."" While it's possible this might indicate success in one area but also stress from other aspects, there seems to be some discrepancy between them feeling happy about themselves as people and actually doing well financially. This could be interpreted more broadly as someone who feels good overall despite having a negative financial outlook for the time","No

Reasoning:
This statement seems out of character for someone feeling ""thriving"" after attending a live performance, especially one that's not typical for them. It suggests a sense of failure or disappointment, which is usually more common in more mainstream environments rather than nightlife scenes where one might experience success or excitement.

However, it could be interpreted as a humorous comment about how people can forget about their current situation when they go back home after something significant has happened. This adds depth to the statement but",
74,What a wonderful time to have your AC go out https://t.co/jqjqG1dGOa,1,"No

Reasoning: The quote implies that it's a good thing for ACs to fail (because they don't make money), which can be seen as ironic, since this isn't typically true.","No

Reasoning:
This statement is clearly mocking or sarcastically accusing the person who wrote it, which makes it an example of sarcasm. The context suggests they were trying to point out someone's mistake, so using a metaphor about their AC going out is fitting. It also implies that they feel their AC is somehow responsible for this issue, which adds another layer of humor to the situation.",Error,"No

Reasoning: The quote implies that it's a good thing for ACs to fail (because they don't make money), which can be seen as ironic, since this isn't typically true.","No

Reasoning:
This statement is clearly mocking or sarcastically accusing the person who wrote it, which makes it an example of sarcasm. The context suggests they were trying to point out someone's mistake, so using a metaphor about their AC going out is fitting. It also implies that they feel their AC is somehow responsible for this issue, which adds another layer of humor to the situation.",
2014,"FaceTimed with my parents last night while they were with my 6-year-old nephew. I‚Äôve been missing him like crazy worried about being away from him for months, so I asked him if he remembers me. His response?
‚ÄúI always will.‚Äù ‚ù§Ô∏è‚ù§Ô∏è‚ù§Ô∏è",0,"No

Reasoning: The speaker mentions that they ""have been missing him"" and then asks if his parents remember them, implying that they don't have good communication about their children's whereabouts. This suggests sarcasm rather than irony or exaggeration.","No

Reasoning:
The use of the phrase ""I've been missing him like crazy"" implies that this was something significant that has been bothering or frustrating them, which could be seen as sarcasm rather than genuine concern. The statement itself doesn't inherently show sarcasm but the tone suggests it's a matter of frustration, which aligns more with an expression of annoyance rather than genuine concern.",Error,"No

Reasoning: The speaker mentions that they ""have been missing him"" and then asks if his parents remember them, implying that they don't have good communication about their children's whereabouts. This suggests sarcasm rather than irony or exaggeration.","No

Reasoning:
The use of the phrase ""I've been missing him like crazy"" implies that this was something significant that has been bothering or frustrating them, which could be seen as sarcasm rather than genuine concern. The statement itself doesn't inherently show sarcasm but the tone suggests it's a matter of frustration, which aligns more with an expression of annoyance rather than genuine concern.",
1336,Don't understand the scoring on #AllStarMusicals ? How has everyone got 10s apart from Barney? His was the best so far by quite a bit,0,"No

Reasoning: The user is making an accusation about a specific score (Barney's) and then questioning it based on that, which suggests they have a bias against this score or someone else who scored similarly. This type of language would be indicative of sarcasm rather than a simple comment.","No

Reasoning:
This statement is clearly mocking or sarcastically accusing the person who wrote it, which makes it an example of sarcasm rather than just a comment about musical scores. The language used is derogatory, implying unfairness in how they scored songs, suggesting that only one song deserves praise because it's by a specific artist. This kind of offensive language would be considered a clear case of sarcasm, not just an expression of opinion.",Error,"No

Reasoning: The user is making an accusation about a specific score (Barney's) and then questioning it based on that, which suggests they have a bias against this score or someone else who scored similarly. This type of language would be indicative of sarcasm rather than a simple comment.","No

Reasoning:
This statement is clearly mocking or sarcastically accusing the person who wrote it, which makes it an example of sarcasm rather than just a comment about musical scores. The language used is derogatory, implying unfairness in how they scored songs, suggesting that only one song deserves praise because it's by a specific artist. This kind of offensive language would be considered a clear case of sarcasm, not just an expression of opinion.",
3229,@Jamie0Sharp Always ‚ù§Ô∏è,0,"No

Reasoning: The user responds in an ironic tone to a positive comment about Jamie Sharp (presumably referring to an American rapper), suggesting that they have not been impressed by his work since he moved to America. This aligns with the typical sarcastic reaction to someone's success in another culture, which could be interpreted as a form of mockery or sarcasm towards the author.","No

Reasoning:
This message is clearly mocking Jamie 0 Sharp, which is an ironic response to his positive sentiment towards someone named Jamie. The use of ""Always ‚ù§Ô∏è"" (always) is not in line with the intended meaning of the original text and should be considered sarcastic.",Error,"No

Reasoning: The user responds in an ironic tone to a positive comment about Jamie Sharp (presumably referring to an American rapper), suggesting that they have not been impressed by his work since he moved to America. This aligns with the typical sarcastic reaction to someone's success in another culture, which could be interpreted as a form of mockery or sarcasm towards the author.","No

Reasoning:
This message is clearly mocking Jamie 0 Sharp, which is an ironic response to his positive sentiment towards someone named Jamie. The use of ""Always ‚ù§Ô∏è"" (always) is not in line with the intended meaning of the original text and should be considered sarcastic.",
471,Who's ready for monsoon storms allllll weekend?!?!,1,"No

Reasoning: The phrase ""monsoon storms"" implies a strong and sudden weather event that may be unpredictable or severe, which could be interpreted as an insult to those who are not fully prepared for such events. This suggests sarcasm rather than irony or exaggeration.","Yes

Reasoning: The use of ""alllllll"" in this context clearly indicates sarcasm and hyperbole, which would make it very inappropriate to respond with a ""yes"".",Error,"No

Reasoning: The phrase ""monsoon storms"" implies a strong and sudden weather event that may be unpredictable or severe, which could be interpreted as an insult to those who are not fully prepared for such events. This suggests sarcasm rather than irony or exaggeration.","Yes

Reasoning: The use of ""alllllll"" in this context clearly indicates sarcasm and hyperbole, which would make it very inappropriate to respond with a ""yes"".",
1662,"Here‚Äôs the situation, DO WHATEVER MAKES YOUR HEART HAPPY!!! 

You‚Äôre going to die one day dang it. 

At least do all the things you wanted to before you leave!!",0,"No

Reasoning: The quote implies that the speaker's actions will be counterproductive because they will make them feel sad or disappointed in themselves. This is an example of sarcasm where the speaker uses their negative emotions as motivation to engage in more negative actions, which further emphasizes their point about feeling happy despite doing everything they had planned.","No

Reasoning:
This message is clearly mocking or insulting someone's wishes or desires, which would be considered sarcasm. The use of ""dang it"" adds to the tone by suggesting that something is wrong or embarrassing, further indicating its nature as an insult.",Error,"No

Reasoning: The quote implies that the speaker's actions will be counterproductive because they will make them feel sad or disappointed in themselves. This is an example of sarcasm where the speaker uses their negative emotions as motivation to engage in more negative actions, which further emphasizes their point about feeling happy despite doing everything they had planned.","No

Reasoning:
This message is clearly mocking or insulting someone's wishes or desires, which would be considered sarcasm. The use of ""dang it"" adds to the tone by suggesting that something is wrong or embarrassing, further indicating its nature as an insult.",
1366,evERYTHING IS NOT A COMPETITION OF WHO HAD/HAS IT WORSE OK BYEEE,0,"No

Reasoning: The phrase ""EVERYTHING IS NOT A COMPETITION"" suggests that everything has equal value regardless of its impact or outcome, implying that no one should be held accountable for their actions based on how they affect others. This aligns well with the context provided in the text, which criticizes the idea that competition shouldn't exist as it would not benefit anyone but rather create chaos and conflict. Therefore, this text does not appear to be a sarcastic response but rather a","No

Reasoning:
This statement uses hyperbole and sarcasm to emphasize how everything deserves equal attention and importance, which can be interpreted as criticism or ridicule towards those who have done worse. The tone is mocking and dismissive, making it more likely to be seen as an insult rather than a sarcastic remark.",Error,"No

Reasoning: The phrase ""EVERYTHING IS NOT A COMPETITION"" suggests that everything has equal value regardless of its impact or outcome, implying that no one should be held accountable for their actions based on how they affect others. This aligns well with the context provided in the text, which criticizes the idea that competition shouldn't exist as it would not benefit anyone but rather create chaos and conflict. Therefore, this text does not appear to be a sarcastic response but rather a","No

Reasoning:
This statement uses hyperbole and sarcasm to emphasize how everything deserves equal attention and importance, which can be interpreted as criticism or ridicule towards those who have done worse. The tone is mocking and dismissive, making it more likely to be seen as an insult rather than a sarcastic remark.",
1943,"‚ÄúI don‚Äôt have time to think about ‚Äòcolor‚Äô or be sensitive.‚Äù

That‚Äôs‚Ä¶ that‚Äôs literally white privilege. Like, you do you, but acknowledge that your being able to do that is a privilege because aspects of your identity aren‚Äôt under constant cultural scrutiny and attack",0,"No

Reasoning: The quote implies that someone has taken control of their own thoughts and experiences as privileged individuals who can make decisions based on societal norms rather than personal feelings and beliefs. This directly contradicts the notion of ""white privilege,"" which refers to people feeling better about themselves due to having certain characteristics (in this case, a preference for black color). Therefore, the quote suggests it's a form of cultural appropriation, implying that the person making the comment doesn't recognize that other cultures view their","No

Reasoning:
The statement criticizes white privilege as an excuse for not thinking about color, which is clearly not true in reality. The commenter is suggesting that there might be more merit in recognizing racial biases in general rather than pointing fingers at individuals who may have done nothing wrong.",Error,"No

Reasoning: The quote implies that someone has taken control of their own thoughts and experiences as privileged individuals who can make decisions based on societal norms rather than personal feelings and beliefs. This directly contradicts the notion of ""white privilege,"" which refers to people feeling better about themselves due to having certain characteristics (in this case, a preference for black color). Therefore, the quote suggests it's a form of cultural appropriation, implying that the person making the comment doesn't recognize that other cultures view their","No

Reasoning:
The statement criticizes white privilege as an excuse for not thinking about color, which is clearly not true in reality. The commenter is suggesting that there might be more merit in recognizing racial biases in general rather than pointing fingers at individuals who may have done nothing wrong.",
440,@cassieecote413 you can copy mine,1,"No

Reasoning: The quote ""you can copy mine"" suggests that the poster wants to be credited for their content, which isn't typically encouraged on social media platforms like this one. Therefore, it's likely sarcastic in nature.","No

Reasoning:
This message is clearly mocking or insulting someone else's work by taking credit for it without permission. It doesn't have sarcasm as defined in the context of using humor to make a point about copyright. Therefore, this text does not qualify as sarcastic according to our definition of sarcasm.",Error,"No

Reasoning: The quote ""you can copy mine"" suggests that the poster wants to be credited for their content, which isn't typically encouraged on social media platforms like this one. Therefore, it's likely sarcastic in nature.","No

Reasoning:
This message is clearly mocking or insulting someone else's work by taking credit for it without permission. It doesn't have sarcasm as defined in the context of using humor to make a point about copyright. Therefore, this text does not qualify as sarcastic according to our definition of sarcasm.",
1483,The @Pontifex talks benefits of universal basic income #COVID19  #coronavirus #catholic #EasterSunday https://t.co/2e2BCmroVk,0,"No

Reasoning: The quote mentions ""universal basic income"" which could imply something related to helping people in need rather than benefiting from it. This further suggests sarcasm since it's not directly relevant to the content of the post about Easter Sunday.","No

Reasoning:
This post is clearly mocking or deriding the idea of Universal Basic Income (UBI), which many people consider an idealistic concept that advocates for providing free public services to everyone rather than focusing on individual needs or economic stability. The comment is sarcastically pointing out the absurdity of advocating for something without actually believing in it, implying that UBI is not a realistic or practical solution to the current crisis like the pandemic.",Error,"No

Reasoning: The quote mentions ""universal basic income"" which could imply something related to helping people in need rather than benefiting from it. This further suggests sarcasm since it's not directly relevant to the content of the post about Easter Sunday.","No

Reasoning:
This post is clearly mocking or deriding the idea of Universal Basic Income (UBI), which many people consider an idealistic concept that advocates for providing free public services to everyone rather than focusing on individual needs or economic stability. The comment is sarcastically pointing out the absurdity of advocating for something without actually believing in it, implying that UBI is not a realistic or practical solution to the current crisis like the pandemic.",
1475,"@CBoyForeman @RaleighBikes_UK @MadnessNews I had an orange one! Around the same time as you as well, great memories.",0,"No

Reasoning: The quote mentions a ""great memory"" from around the same time, which implies that the person was indeed in a similar situation at some point, making this sarcastic comment.","No

Reasoning:
This post seems to be responding to someone else's experience with an Orange bike, likely from Raleigh, which would make it appear sarcastic. However, the tone also suggests that this response may be mocking the commenter for sharing their own experience with another bike brand, implying that the person who shared theirs wasn't ""good"" enough to share a specific bike model. Thus, the sarcasm appears in both contexts - the commenter was sharing their Orange bike experience, while the post seemed",Error,"No

Reasoning: The quote mentions a ""great memory"" from around the same time, which implies that the person was indeed in a similar situation at some point, making this sarcastic comment.","No

Reasoning:
This post seems to be responding to someone else's experience with an Orange bike, likely from Raleigh, which would make it appear sarcastic. However, the tone also suggests that this response may be mocking the commenter for sharing their own experience with another bike brand, implying that the person who shared theirs wasn't ""good"" enough to share a specific bike model. Thus, the sarcasm appears in both contexts - the commenter was sharing their Orange bike experience, while the post seemed",
888,ive been watching british streamers for too long. i caught myself saying aircon instead of AC,0,"No

Reasoning: The user mentions they've watched British streamers ""for too long"", which implies sarcasm or an expression of frustration with their current viewing habits, suggesting this isn't just a normal observation but rather something more serious related to their current streaming habits.","No

Reasoning:
This statement is an example of sarcasm because it highlights the contradiction between using ""AC"" as an abbreviation for ""air conditioning"" (which is used in many countries to refer to air conditioning) and the English term ""acorn,"" which means an acorn tree in England, referring to its shape rather than being used for cooling purposes. The contradiction is so obvious that it can be interpreted sarcastically, even though the speaker was not aware of this difference at the time.",Error,"No

Reasoning: The user mentions they've watched British streamers ""for too long"", which implies sarcasm or an expression of frustration with their current viewing habits, suggesting this isn't just a normal observation but rather something more serious related to their current streaming habits.","No

Reasoning:
This statement is an example of sarcasm because it highlights the contradiction between using ""AC"" as an abbreviation for ""air conditioning"" (which is used in many countries to refer to air conditioning) and the English term ""acorn,"" which means an acorn tree in England, referring to its shape rather than being used for cooling purposes. The contradiction is so obvious that it can be interpreted sarcastically, even though the speaker was not aware of this difference at the time.",
2194,"Yesterday a stranger went into detail telling me how much better her new man is compared to her ex husband at oral sex, and it was a weird conversation but I guess I‚Äôm happy for her. New Year new mens.",0,"No

Reasoning: The user expresses happiness about their relationship having improved in terms of sexual experiences over the course of the year, which implies they're not disappointed and would likely continue enjoying the experience. Therefore, this response fits more into a positive tone rather than an ironic one.","No

Reasoning:
This text is clearly mocking or sarcastically pointing out the negative aspects of someone's situation, which makes it an example of sarcasm rather than irony or exaggeration. The tone is dismissive, implying that such information should not be shared publicly or that people have been duped by this person.",Error,"No

Reasoning: The user expresses happiness about their relationship having improved in terms of sexual experiences over the course of the year, which implies they're not disappointed and would likely continue enjoying the experience. Therefore, this response fits more into a positive tone rather than an ironic one.","No

Reasoning:
This text is clearly mocking or sarcastically pointing out the negative aspects of someone's situation, which makes it an example of sarcasm rather than irony or exaggeration. The tone is dismissive, implying that such information should not be shared publicly or that people have been duped by this person.",
2276,I think I'm restarting my YouTube channel üôä,0,"No

Reasoning: The user mentions they're ""restarting"" their YouTube channel, which implies they're trying to get rid of it or clear its content for whatever reason, not because they're restarting it as in starting from zero again. This indicates sarcasm towards their past actions, suggesting they might be intentionally deleting the content or channels due to some internal conflict or change in plans.","No

Reasoning:
This message is clearly mocking or jokingly suggesting that the user may be starting their YouTube channel anew, which would typically indicate sarcasm rather than an ironic suggestion about restarts.",Error,"No

Reasoning: The user mentions they're ""restarting"" their YouTube channel, which implies they're trying to get rid of it or clear its content for whatever reason, not because they're restarting it as in starting from zero again. This indicates sarcasm towards their past actions, suggesting they might be intentionally deleting the content or channels due to some internal conflict or change in plans.","No

Reasoning:
This message is clearly mocking or jokingly suggesting that the user may be starting their YouTube channel anew, which would typically indicate sarcasm rather than an ironic suggestion about restarts.",
